2014/07/28                                     Regional Medical Associates - Hamilton                                       PAGE   1

  Doc  Doc Name                   Doc   Given                           Surname                         Contact
  Nbr                            Inits  Name                                                            initials

  007  EGIER                      BP    Brian                           EGIER                             B
  014  GERSTEIN                   HC    Hertzel                         GERSTEIN                          H
  019  KIRBY                      T     Tom                             KIRBY                             TJ
  028  BABEY                      KS    Ken                             BABEY                             K
  040  LLOYD                      SR    Stephen                         LLOYD                             S
  045  LLOYD                      SR    Stephen                         LLOYD                             S
  049  LEBER                      B     Brian                           LEBER                             BF
  04H  DEVRAJ MED PROF CORP       A     Amanda                          DEVRAJ                            A
  053  REID                       S     Susan                           Reid                              S
  067  WITT-SULLIVAN              HB    Helga                           WITT-SULLIVAN                     WB
  070  GUENTER MED PROF CORP      D     Dale                            GUENTER                           D
  102  HUZEL                      L     Lisa                            HUZEL                             LL
  10K  DEVRAJ MED PROF CORP       A     Amanda                          DEVRAJ                            A
  112  TURPIE                     F     Fiona                           TURPIE                            FM
  13A  SCHEINEMANN MED PROF COR   K     Katrin                          SCHEINEMANN                       K
  143  GORDON MED PROF CORP       E     Elaine                          GORDON                            E
  151  SAWCHUK                    C     Corey                           SAWCHUCK                          C
  170  BLAIN MED PROF CORP        A     Allison                         BLAIN                             A
  176  WOLSKI                     DM    Darryl                          WOLSKI                            DMC
  17C  LOEWITH                    R     Rachel                          LOEWITH                           RH
  181  MONTGOMERY                 A     Alison                          MONTGOMERY                        AG
  188  CARLISLE                   E     Euan                            CARLISLE                          EJF
  189  LOOSLEY-MILLMAN            ME    Margot                          LOOSLEY-MILLMAN                   M
  190  SMALL                      DR    David                           SMALL                             D
  197  JONES                      G     Graham                          JONES                             GL
  198  CULLIMORE                  AJ    Amie                            CULLIMORE                         A
  209  FARGAS-BABJAK              AM    Angelica                        FARGAS-BABJAK                     A
  20F  JUNKER-ANDERSEN MED PROF   LR    Lorna                           JUNKER-ANDERSEN MED PROF CORP     LR
  21F  JUNKER-ANDERSEN MED PROF   LR    Lorna                           JUNKER-ANDERSEN MED PROF CORP     LR
  229  LIM MED PROF CORP          A     Audrey                          LIM                               A
  23C  GREENWALD                  A     Ari                             GREENWALD                         JA
  257  GOLDFARB                   D     David                           GOLDFARB                          DM
  262  BELL                       W     William                         BELL                              WF
  268  BAILLIE                    FGH   Frank                           BAILLIE                           F
  26E  KRAUS DE CAMARGO MED PRO   O     Olaf                            KRAUS DE CAMARGO                  O
  273  LEVINE                     M     Mitchell                        LEVINE                            MA
  277  SALENA                     BJ    Bruno                           SALENA                            B
  299  LUXTON                     AW    Allan                           LUXTON                            A
  29J  RANGANATHAN MED PROF COR   M     Meenatchi                       RANGANATHAN MED PROF CORP         M
  301  BAILLIE                    FGH   Frank                           BAILLIE                           F
  307  SEMELHAGO                  L     Lloyd                           SEMELHAGO                         LC
  308  BAIRD MED PROF CORP        B     John Burke                      BAIRD MED PROF CORP               JB
  30A  LAM MED PROF CORP          DBW   David                           LAM                               DBW
  30J  RANGANATHAN MED PROF COR   M     Meenatchi                       RANGANATHAN MED PROF CORP         M
  317  CAMERON                    B     Brian                           CAMERON                           BH
  31J  RANGANATHAN MED PROF COR   M     Meenatchi                       RANGANATHAN MED PROF CORP         M
  327  CUPIDO                     CM    Cynthia                         CUPIDO                            C
  32J  RANGANATHAN MED PROF COR   M     Meenatchi                       RANGANATHAN MED PROF CORP         M
  337  SHRAGGE                    BW    Bill                            SHRAGGE                           WL
  33H  YOUNG MED PROF CORP        J     James                           YOUNG MED PROF CORP               JEM
  34H  HAMIELEC MED PROF CORP     C     Cindy                           HAMIELEC                          C
  350  KAHNAMOUI MED PROF CORP    K     Kamyar                          KAHNAMOUI MED PROF CO             K
  351  PEAT                       M     Mary                            PEAT                              MI
  35A  STALLWOOD MED PROF CORP    GR    George                          STALLWOOD MED PROF CORP           G
  35C  JUNKER-ANDERSEN            L     Lorna                           JUNKER-ANDERSEN                   LR
2014/07/28                                     Regional Medical Associates - Hamilton                                       PAGE   2

  Doc  Doc Name                   Doc   Given                           Surname                         Contact
  Nbr                            Inits  Name                                                            initials

  377  OROVAN                     WL    William                         OROVAN                            W
  383  KOLBASNIK                  JG    Jeffery                         KOLBASNIK                         J
  385  HOLLENBERG                 RD    Robert                          HOLLENBERG                        R
  389  GATELY                     JF    John                            GATELY                            J
  398  TAM                        PY    Peter                           TAM                               P
  413  CONNOLLY                   SJ    Stuart                          CONNOLLY                          S
  419  WALKER                     IR    Irwin                           WALKER                            I
  422  CROWTHER                   M     Mark                            CROWTHER                          MA
  423  PAYRASTRE                  JA    Julien                          PAYRASTRE                         J
  42C  HOSSEINI MED PROF CORP     H     Seyed                           HOSSEINI MED PROF CORP            SH
  42F  SAMIEE                           Samira                          SAMIEE                            S
  42H  PATELIS-SIOTIS MED PROF    I     Irene                           PATELIS-SIOTIS                    I
  438  GUYATT                     GH    Gordon                          GUYATT                            G
  441  STANTON                    E     Eric                            STANTON                           EB
  44C  DEKNA                      MM    Maisa                           DEKNA                             M
  481  BARNES                     CC    Colin                           BARNES                            C
  484  TURPIE                     ID    Irene                           TURPIE                            I
  493  DENBURG                    JA    Judah                           DENBURG                           J
  500  WEERASEKERA MED PROF COR   P     Pri                             WEERASEKERA MED PROF CORP         P
  502  CHAN                       H     Howard                          CHAN                              HHW
  504  KIRBY                      T     Tom                             KIRBY                             TJ
  506  MACLEOD                    R     Rod                             MACLEOD                           RJ
  50C  VAN LIESHOUT MED PROF CO   R     Ryan                            VAN LIESHOUT MED PROF CORP        R
  518  TARNOPOLSKY MED PROF COR   M     Mark                            TARNOPOLSKY MED PROF CORP         M
  523  CHU MED PROF CORP          FV    Victor                          CHU MED PROF CORP                 VF
  544  MORRIS                     A     Andrew                          MORRIS                            AM
  550  ROTSTEIN                   E     Edward                          ROTSTEIN                          EA
  562  PIERCEY                    KR    Kevin                           PIERCEY                           K
  574  BLEW                       P     Philip Gordon                   BLEW                              PG
  58E  REDWOOD-CAMPBELL MED PRO   L     Lynda                           REDWOOD-CAMPBELL MED PROF CO      L
  606  MOHIDE                     PT    Pat                             MOHIDE                            P
  621  MACMILLAN                  L     Leslie                          MACMILLAN                         LG
  627  SEELEY                     R     Richard                         SEELEY                            RAM
  628  BAIN                       J     James                           BAIN                              JR
  62E  SHAIKH                     V     Vaquas                          SHAIKH                            VM
  638  ADSETT                     CA    Alex                            ADSETT                            A
  63C  KENNY-SCHERBER MED PROF    C     Claire                          KENNY-SCHERBER MED PROF CO        C
  645  VADERA MED PROF CORP       R     Rajiv                           VADERA                            R
  65E  CHOI MED PROF CORP         M     Matthew                         CHOI                              M
  65J  MCCULLOCH                  AE    Amy                             MCCULLOCH                         E
  66A  MACNAY MED PROF CORP       R     Ramsay                          MACNAY                            R
  66H  SIU MED PROF CORP          H     Henry                           SIU                               H
  66J  GOMEZ                      AG    ANDREW                          GOMEZ                             A
  671  MCLELLAN                   A     Peter Allan                     MCLELLAN                          PA
  688  GOLDFARB                   D     David                           GOLDFARB                          DM
  68J  TAKACH-LAPNER              STL   Sarah                           TAKACH LAPNER                     S
  69C  REGENSTREIF MED PROF COR   L     Lori                            REGENSTREIF MED PROF CORP         L
  69H  CALVO                      M     Maria Eugena                    CALVO                             ME
  70C  REGENSTREIF MED PROF COR   L     Lori                            REGENSTREIF MED PROF CORP         L
  713  MAHONEY                    WJ    William                         MAHONEY                           W
  71H  HO                         E     Edwin                           HO
  748  GERSTEIN                   HC    Hertzel                         GERSTEIN                          H
  74H  SERGEANT MED PROF CORP     M     Myles                           SERGEANT                          MD
  751  SCHMIDT                    BK    Barbara                         SCHMIDT                           B
  755  ESTATE OF G LUXTON         GC    Gillian                         LUXTON                            GC
2014/07/28                                     Regional Medical Associates - Hamilton                                       PAGE   3

  Doc  Doc Name                   Doc   Given                           Surname                         Contact
  Nbr                            Inits  Name                                                            initials

  771  WILSON                     D     Doug                            WILSON                            DMC
  782  MEADE                      M     Maureen                         MEADE                             MO
  79F  SHARDA MED PROF CORP       S     Saroo                           SHARDA                            S
  805  BOYLAN MED PROF CORP       K     Khrista                         BOYLAN                            K
  809  MORILLO                    CA    Carlos                          MORILLO                           C
  812  LAM                        D     David                           LAM                               DBW
  83E  NEIGHBOUR MED PROF CORP    H     Helen                           NEIGHBOUR                         H
  84J  BRILL MED PROF             HB    Herbert                         BRILL MED PROF CORP               H
  852  MACNAY MED PROF CORP       R     Ramsay                          MACNAY                            R
  85H  DRAGOMIR MED PROF CORP     A     Alina                           DRAGOMIR                          A
  863  ALLABY                     C     Cheryl Lynn                     ALLABY                            A
  864  DEADMAN                    JC    John                            DEADMAN                           J
  867  LEVITT                     CA    Cheryl                          LEVITT                            C
  879  INGRAM                     A     Allistair                       INGRAM                            AJ
  880  LAMONT MED PROF CORP       J     John Allan                      LAMONT MED PROF CORP              JA
  88E  PARDHAN MED PROF CORP      A     Alim                            PARDHAN                           A
  89C  DANTER MED PROF CORP       M     Matthew                         DANTER                            M
  907  ROKOSS                     MJ    Michael                         ROKOSS                            M
  90C  LAMONT MED PROF CORP       J     John Allan                      LAMONT                            JA
  90H  JUNKER-ANDERSEN MED PROF   LR    Lorna                           JUNKER-ANDERSEN MED PROF CORP     LR
  917  HARVEY MED PROF CORP       D     David                           HARVEY                            DT
  91E  PAPAIOANNOU MED PROF COR   A     Alexandra                       PAPAIOANNOU MED PROF CORP         A
  925  LEVIS                      C     Carolyn                         LEVIS                             CM
  929  FLAGEOLE MED PROF CORP     H     Helene                          FLAGEOLE                          H
  93H  ABDURRAHMAN MED PROF COR   Z     Zainab                          ABDURRAHMAN MED PROF CORP         Z
  942  LEVIS                      C     Carolyn                         LEVIS                             CM
  94H  ABDURRAHMAN MED PROF COR   ZB    Zainab                          ABDURRAHMAN MED PROF CORP         ZB
  957  WISE MED PROF CORP         T     Talya                           WISE                              TC
  95H  ABDURRAHMAN MED PROF COR   ZB    Zainab                          ABDURRAHMAN MED PROF CORP         ZB
  96H  ABDURRAHMAN MED PROF COR   ZB    Zainab                          ABDURRAHMAN MED PROF CORP         ZB
  974  LEE                        A     Agnes                           LEE                               AYY
  984  ARVINTE MED PROF CORP            Galina                          ARVINTE                           G
  989  XENODEMETROPOULOS MED PR   T     Theodore (Ted)                  XENODEMETROPOULOS MED PROF        T
  A01  CEPEDA MED PROF CORP       RR    Rolando                         CEPEDA                            RR
  C23  LIU                        L     Louis                           LIU                               LWC
  C24  TSE                        F     Frances                         TSE                               FW
  C25  DEVEREAUX                  PJ    Philip                          DEVEREAUX                         P
  C26  HARVEY                     J     Janice                          HARVEY                            JA
  C27  SEBALDT                    RJ    Rolf                            SEBALDT                           R
  C28  GILANI                     AA    Ammar                           GILANI                            A
  C65  FARRELL                    TM    Theresa                         FARRELL                           T
  C81  COWAN                      D     David                           COWAN                             DD
  C98  PLACH                      NR    Nadia                           PLACH                             N
  D06  TURPIE                     F     Fiona                           TURPIE                            FM
  D22  MACLEOD                    R     ROD                             MACLEOD                           RJ
  D49  GRAY                       M     MARTIN                          GRAY                              MP
  D54  GHERT                      M     MICHELLE                        GHERT                             MA
  D58  CHETTY                     V     VASUDHEVAN                      CHETTY                            VT
  D69  CARLISLE MED PROF CORP     E     EUAN                            CARLISLE MED PROF CORP            EJF
  E15  HARSSEMA                   D     DANIELLE                        HARSSEMA                          DM
  E25  MCIVOR                     AR    ANDREW                          MCIVOR                            A
  E27  BHANDARI MED PRO CORP            MOHIT                           BHANDARI                          M
  E54  CURNEW MED PROF CORP             Gregory                         CURNEW MED PROF CORP              G
  E66  LONN MED PROF CORP         E     EVA                             LONN                              E
  E68  PIERCEY MED PROF CORP      K     KEVIN                           PIERCEY                           KR
2014/07/28                                     Regional Medical Associates - Hamilton                                       PAGE   4

  Doc  Doc Name                   Doc   Given                           Surname                         Contact
  Nbr                            Inits  Name                                                            initials

  E86  BRENNAN                    BG    BARB                            BRENNAN                           B
  E88  HUNT MED PROF CORP         D     Dereck                          Hunt                              D
  E91  VANHELDER MED PROF CORP    T     Tomas                           Vanhelder                         T
  E94  MITCHELL                   MK    Marianna                        Mitchell                          MK
  E95  CHERIAN MED PROF CORP      J     Joe                             CHERIAN                           J
  F02  KLURFAN                    P     Paula                           Klurfan                           P
  F03  PEARSON MED PROF CORP      B     BROOKE                          PEARSON                           B
  F04  BIERTHO                    L     Laurent                         Biertho                           L
  F05  ISAZA                      G     Gloria                          Isaza                             G
  F07  BRASCH MED PROF CORP       J     Jennifer                        BRASCH                            J
  F08  ANVARI MED PROF CORP       M     MEHRAN                          ANVARI                            M
  F13  CONNOLLY MED PROF CORP     S     Stuart                          CONNOLLY                          S
  F14  GORDON MED PROF CORP       E     Elaine                          GORDON                            E
  F18  ALOWAMI                    S     Salem                           Alowami                           S
  F34  GUZOWSKI                   AV    Ann                             GUZOWSKI                          A
  F38  RADHI                      JM    Jasim                           RADHI                             J
  F45  SUR                        MLS   Monalisa                        SUR                               M
  F49  REID                       S     Susan                           Reid                              S
  F50  OROVAN MED PROF CORP       WM    William                         OROVAN                            W
  G51  KANE-CORRIVEAU MED PROF    S     Sandra                          KANE-CORRIVEAU MED PROF CORP      S
  G71  SKALA MED PROF CORP        RA    RICHARD                         SKALA                             R
  H09  PANJU MED PROF CORP        AA    Akbar                           PANJU                             A
  H10  PANJU MED PROF CORP        AA    Akbar                           PANJU                             A
  H11  LIACONIS MED PROF CORP     H     HARRY                           LIACONIS                          H
  H12  MACNAY MED PROF CORP       R     Ramsay                          MACNAY                            R
  H18  DRAGOMIR MED PROF CORP     A     Alina                           DRAGOMIR                          A
  H27  DEMARIA                    J     Jorge                           DEMARIA MED PROF CORP             J
  H43  EIKELBOOM MED PROF CORP    J     John                            EIKELBOOM                         J
  H46  ELAVATHIL MED PROF CORP    LJ    Leelamma                        ELAVATHIL                         LJ
  H47  ELAVATHIL MED PROF CORP    LJ    Leelamma                        ELAVATHIL                         LJ
  H82  SEMELHAGO MED PROF CORP    L     Lloyd                           SEMELHAGO                         LC
  H95  PARASCANDALO MED PROF CO   RJ    Richard J                       PARASCANDALO MED PROF CORP        RJ
  H96  MANTLE MED PROF CORP       E     Edward                          MANTLE                            E
  J58  GANGULI MED PROF CORP      SC    Subhas                          GANGULI                           SC
  J71  PLACH                      NR    Nadia                           PLACH                             N
  J81  SZALAY MED PROF CORP       DA    David                           SZALAY                            D
  J85  TRELEAVEN MED PROF CORP    D     DARIN                           TRELEAVEN                         D
  K16  GANGJI MED PROF CORP       AS    Azim                            GANGJI                            A
  K35  SHAYEGAN MED PROF CORP     B     Bobby                           SHAYEGAN                          B
  K41  LEVIS MED PROF CORP        C     Carolyn                         LEVIS                             CM
  L75  HAMIELEC MED PROF CORP     C     Cindy                           HAMIELEC                          C
  L80  WHITTINGHAM MED PROF COR   H     Heather                         WHITTINGHAM MED PROF CORP         H
  M62  CARVALHAL                  A     ADRIANA                         CARVALHAL                         AS
  N28  RAUCHWERGER MED PRO CORP   DR    David                           RAUCHWERGER                       D
  N33  MACK MED PROF CORP         DP    Douglas                         Mack Med Prof Corp.
  N59  DENARDI MED PROF CORP      GF    Franco                          DENARDI                           F
  N77  NANTHA-AREE MED PROF COR   M     MANYAT                          NANTHA-AREE MED PROF CORP         M
  P05  MARSHALL                   DI    Denise                          MARSHALL                          D
  P09  POWLES MED PROF CORP       P     Peter                           POWLES                            ACP
  P24  BENTLEY MED PROF CORP            Todd                            BENTLEY MED PROF CORP             T
  P26  WOODWARD                   KS    Kevin                           WOODWARD                          K
  P50  CAMERON MED PROF CORP      BH    Brian                           CAMERON MED PROF COR              BH
  P87  DEGRAFT-JOHNSON PROF COR   A     Ama                             DEGRAFT-JOHNSON PROF CORP         A
  R12  MACDOUGALL MED PROF CORP   PF    Paul                            MACDOUGALL MED PROF CORP          PJ
  R51  FUNDAMENSKI MED PROF COR   MA    Marta                           FUNDAMENSKI MED PROF CORP         MA
2014/07/28                                     Regional Medical Associates - Hamilton                                       PAGE   5

  Doc  Doc Name                   Doc   Given                           Surname                         Contact
  Nbr                            Inits  Name                                                            initials

  T03  LLOYD                      SR    Stephen                         LLOYD                             S
  T42  DOWER                      A     Andrea                          DOWER                             AM
  T73  MACNAY MED PROF CORP       R     Ramsay                          MACNAY                            R
  V40  ALI MED PROF CORP          M     MADI                            ALI                               M
  W03  ALLABY                     C     Cheryl Lynn                     ALLABY                            A
  W05  CHAKROBORTY MED PROF COR   A     Amitobha                        CHAKROBORTY MED PROF CORP         A
  X59  DIVAKARA MENON MED PROF    SM    Syamkumar                       DIVAKARA MENON MED PROF CORP      SM
  Y41  NEARY MED PROF CORP        J     John                            NEARY                             J
  Y43  STRODE MED PROF CORP       K     Kelly                           STRODE                            K
  Y59  KRIZMANICH MED PROF CORP         William                         KRIZMANICH MED PROF CORP          W
  Y60  MILLER MED PROF CORP             Paul                            MILLER MED PROF CORP              PQ
  Y62  GREWAL MED PROF CORP             Rajdeep                         GREWAL MED PROF CORP              R
  Y63  LIN MED PROF CORP                Daren                           LIN MED PROF CORP                 D
  Y64  BULLOCK MED PROF CORP            Richard Wayne                   BULLOCK MED PROF CORP             RW
  Y65  SIMPSON MED PROF CORP            Diane                           SIMPSON MED PROF CORP             DL
  Y66  HANCOCK MED PROF CORP            Wendy                           HANCOCK MED PROF CORP             W
  Y67  CARON MED PROF CORP              Sharine                         CARON MED PROF CORP               S
  Y69  MACDOUGALL MED PROF CORP         Paul                            MACDOUGALL MED PROF CORP          PJ
  Y70  RICHARDS MED PROF CORP           Doug                            RICHARDS MED PROF CORP            D
  Y71  MALLIN MED PROF CORP             Rebecca                         MALLIN MED PROF CORP              R
  Y72  ENGLISH MED PROF CORP            Kerri                           ENGLISH MED PROF CORP             KE
  Y74  KERR MED PROF CORP               Robert                          KERR MED PROF CORP                DR
  Y75  WELSFORD MED PROF CORP           Michelle                        WELSFORD MED PROF CORP            M
  Y80  OPIE MED PROF CORP               John                            OPIE MED PROF CORP                JW
  Y81  WORSTER MED PROF CORP            Andrew                          WORSTER MED PROF CORP             A
  Y85  PATELIS-SIOTIS MED PROF          Irene                           PATELIS-SIOTIS                    I
  Y92  LATCHMAN MED PROF CORP     A     Andrew                          LATCHMAN                          A
  Y93  ALOWAMI                    S     Salem                           Alowami                           S
